#hosts 
INSERT INTO Host
VALUES
(1, 'Neil Patrick', 'Harris', 'Male', '1973-06-15'),
(2, 'Chris', 'Rock', 'Male', '1965-02-07'),
(3, 'Jimmy', 'Kimmel', 'Male', '1967-11-13'),
(4, 'Ellen', 'DeGeneres', 'Female', '1958-01-26'),
(5, 'Seth', 'MacFarlane', 'Male', '1973-10-26'),
(6, 'Billy', 'Crystal', 'Male', '1948-03-14'),
(7, 'Hugh', 'Jackman', 'Male', '1968-10-12'),
(8, 'Anne', 'Hathaway', 'Female', '1982-11-12'),
(9, 'James', 'Franco', 'Male', '1978-04-19'),
(10, 'Steve', 'Martin', 'Male', '1945-08-14'),
(11, 'Alec', 'Baldwin', 'Male', '1958-04-03');





# oscars

INSERT INTO Oscars
VALUES
(87, 2015, 1),
(88, 2016, 2),
(89, 2017, 3),
(90, 2018, 3);


#AwardsCategory 

INSERT INTO AwardsCategory
VALUES
    (1, 'Best Picture'),
    (2, 'Best Director'),
    (3, 'Best Actor in a Leading Role'),
    (4, 'Best Actress in a Leading Role'),
    (5, 'Best Actor in a Supporting Role'),
    (6, 'Best Actress in a Supporting Role');


#presents 


INSERT INTO Presents
VALUES
    (87, 1),
    (87, 2),
    (87, 3),
    (87, 4),
    (87, 5),
    (87, 6),
    (88, 1),
    (88, 2),
    (88, 3),
    (88, 4),
    (88, 5),
    (88, 6),
    (89, 1),
    (89, 2),
    (89, 3),
    (89, 4),
    (89, 5),
    (89, 6),
    (90, 1),
    (90, 2),
    (90, 3),
    (90, 4),
    (90, 5),
    (90, 6);


#actors


INSERT INTO Actors VALUES
  (1, 'Chris', 'Evans', 'Male', '1981-06-13'),
  (2, 'Emma', 'Watson', 'Female', '1990-04-15'),
  (3, 'Tom', 'Hardy', 'Male', '1977-09-15'),
  (4, 'Jessica', 'Chastain', 'Female', '1977-03-24'),
  (5, 'John', 'Krasinski', 'Male', '1979-10-20'),
  (6, 'Kristen', 'Stewart', 'Female', '1990-04-09'),
  (7, 'Idris', 'Elba', 'Male', '1972-09-06'),
  (8, 'Anna', 'Kendrick', 'Female', '1985-08-09'),
  (9, 'Chris', 'Hemsworth', 'Male', '1983-08-11'),
  (10, 'Emily', 'Blunt', 'Female', '1983-02-23'),
  (11, 'Michael', 'B. Jordan', 'Male', '1987-02-09'),
  (12, 'Lupita', 'Nyong''o', 'Female', '1983-03-01'),
  (13, 'Tom', 'Hiddleston', 'Male', '1981-02-09'),
  (14, 'Zoe', 'Saldana', 'Female', '1978-06-19'),
  (15, 'Idina', 'Menzel', 'Female', '1971-05-30'),
  (16, 'Jake', 'Gyllenhaal', 'Male', '1980-12-19'),
  (17, 'Amy', 'Adams', 'Female', '1974-08-20'),
  (18, 'Ryan', 'Reynolds', 'Male', '1976-10-23'),
  (19, 'Brie', 'Larson', 'Female', '1989-10-01'),
  (20, 'Michael', 'Fassbender', 'Male', '1977-04-02'),
  (21, 'Mahershala', 'Ali', 'Male', '1974-02-16'),
  (22, 'Christian', 'Bale', 'Male', '1974-01-30'),
  (23, 'Willem', 'Dafoe', 'Male', '1955-07-22'),
  (24, 'Sam', 'Elliott', 'Male', '1944-08-09'),
  (25, 'Richard E.', 'Grant', 'Male', '1957-05-05'),
  (26, 'Rami', 'Malek', 'Male', '1981-05-12'),
  (27, 'Viggo', 'Mortensen', 'Male', '1958-10-20'),
  (28, 'Sam', 'Rockwell', 'Male', '1968-11-05'),
  (29, 'Yalitza', 'Aparicio', 'Female', '1993-12-11'),
  (30, 'Marina', 'de Tavira', 'Female', '1974-11-30'),
  (31, 'Lady', 'Gaga', 'Female', '1986-03-28'),
  (32, 'Regina', 'King', 'Female', '1971-01-15'),
  (33, 'Melissa', 'McCarthy', 'Female', '1970-08-26'),
  (34, 'Rachel', 'Weisz', 'Female', '1970-03-07'),
  (35, 'Timothée', 'Chalamet', 'Male', '1995-12-27'),
  (36, 'Daniel', 'Day-Lewis', 'Male', '1957-04-29'),
  (37, 'Woody', 'Harrelson', 'Male', '1961-07-23'),
  (38, 'Richard', 'Jenkins', 'Male', '1947-05-04'),
  (39, 'Christopher', 'Plummer', 'Male', '1929-12-13'),
  (40, 'Mary J.', 'Blige', 'Female', '1971-01-11'),
  (41, 'Sally', 'Hawkins', 'Female', '1976-04-27'),
  (42, 'Allison', 'Janney', 'Female', '1959-11-19'),
  (43, 'Lesley', 'Manville', 'Female', '1956-03-12'),
  (44, 'Laurie', 'Metcalf', 'Female', '1955-06-16'),
  (45, 'Octavia', 'Spencer', 'Female', '1970-05-25'),
  (46, 'Meryl', 'Streep', 'Female', '1949-06-22'),
  (47, 'Casey', 'Affleck', 'Male', '1975-08-12'),
  (48, 'Eddie', 'Redmayne', 'Male', '1982-01-06'),
  (49, 'Steve', 'Carell', 'Male', '1962-08-16'),
  (50, 'Bradley', 'Cooper', 'Male', '1975-01-05'),
  (51, 'Benedict', 'Cumberbatch', 'Male', '1976-07-19'),
  (52, 'Michael', 'Keaton', 'Male', '1951-09-05'),
  (53, 'J.K.', 'Simmons', 'Male', '1955-01-09'),
  (54, 'Robert', 'Duvall', 'Male', '1931-01-05'),
  (55, 'Ethan', 'Hawke', 'Male', '1970-11-06'),
  (56, 'Edward', 'Norton', 'Male', '1969-08-18'),
  (57, 'Mark', 'Ruffalo', 'Male', '1967-11-22'),
  (58, 'Julianne', 'Moore', 'Female', '1960-12-03'),
  (59, 'Marion', 'Cotillard', 'Female', '1975-09-30'),
  (60, 'Felicity', 'Jones', 'Female', '1983-10-17'),
  (61, 'Rosamund', 'Pike', 'Female', '1979-01-27'),
  (62, 'Reese', 'Witherspoon', 'Female', '1976-03-22'),
  (63, 'Patricia', 'Arquette', 'Female', '1968-04-08'),
  (64, 'Laura', 'Dern', 'Female', '1967-02-10'),
  (65, 'Keira', 'Knightley', 'Female', '1985-03-26'),
  (66, 'Emma', 'Stone', 'Female', '1988-11-06'),
  (67, 'Leonardo', 'DiCaprio', 'Male', '1974-11-11'),
  (68, 'Matt', 'Damon', 'Male', '1970-10-08'),
  (69, 'Andrew', 'Garfield', 'Male', '1983-08-20'),
  (70, 'Ryan', 'Gosling', 'Male', '1980-11-12'),
  (71, 'Viola', 'Davis', 'Female', '1965-08-11'),
  (72, 'Nicole', 'Kidman', 'Female', '1967-06-20'),
  (73, 'Michelle', 'Williams', 'Female', '1980-09-09'),
  (74, 'Gary', 'Oldman', 'Male', '1958-03-21'),
  (75, 'Timothee', 'Chalamet', 'Male', '1995-12-27'),
  (76, 'Bradley', 'Whitford', 'Male', '1959-10-10'),
  (77, 'Daniel', 'Kaluuya', 'Male', '1989-02-24'),
  (78, 'Frances', 'McDormand', 'Female', '1957-06-23'),
  (79, 'Sally', 'Hawkins', 'Female', '1976-04-27'),
  (80, 'Margot', 'Robbie', 'Female', '1990-07-02'),
  (81, 'Allison', 'Williams', 'Female', '1988-04-13'),
  (82, 'Mary J.', 'Blige', 'Female', '1971-01-11'),
  (83, 'Vicky', 'Krieps', 'Female', '1983-10-04'),
  (84, 'Oscar', 'Isaac', 'Male', '1979-03-09'),
  (85, 'Denzel', 'Washington', 'Male', '1954-12-28'),
  (86, 'Sienna', 'Miller', 'Female', '1981-12-28'),
  (87, 'Ellar', 'Coltrane', 'Male', '1994-08-27'),
  (88, 'Ralph', 'Fiennes', 'Male', '1962-12-22'),
  (89, 'F. Murray', 'Abraham', 'Male', '1939-10-24'),
  (90, 'Mathieu', 'Amalric', 'Male', '1965-10-25'),
  (91, 'Matthew', 'Goode', 'Male', '1978-04-03'),
  (92, 'David', 'Oyelowo', 'Male', '1976-04-01'),
  (93, 'Carmen', 'Ejogo', 'Female', '1973-10-22'),
  (94, 'Oprah', 'Winfrey', 'Female', '1954-01-29'),
  (95, 'Tom', 'Prior', 'Male', '1989-02-14'),
  (96, 'Miles', 'Teller', 'Male', '1987-02-20'),
  (97, 'Rachel', 'McAdams', 'Female', '1978-11-17'),
  (98, 'Brad', 'Pitt', 'Male', '1963-12-18'),
  (99, 'Tom', 'Hanks', 'Male', '1956-07-09'),
  (100, 'Mark', 'Rylance', 'Male', '1960-01-18'),
  (101, 'Alan', 'Alda', 'Male', '1936-01-28'),
  (102, 'Saoirse', 'Ronan', 'Female', '1994-04-12'),
  (103, 'Emory', 'Cohen', 'Male', '1990-03-13'),
  (104, 'Domhnall', 'Gleeson', 'Male', '1983-05-12'),
  (105, 'Charlize', 'Theron', 'Female', '1975-08-07'),
  (106, 'Nicholas', 'Hoult', 'Male', '1989-12-07'),
  (107, 'Will', 'Poulter', 'Male', '1993-01-28'),
  (108, 'Sean', 'Bridgers', 'Male', '1968-03-03'),
  (109, 'Jacob', 'Tremblay', 'Male', '2006-10-05'),
  (110, 'Naomie', 'Harris', 'Female', '1976-09-06'),
  (111, 'Jeremy', 'Renner', 'Male', '1971-01-07'),
  (112, 'Jeff', 'Bridges', 'Male', '1949-12-04'),
  (113, 'Chris', 'Pine', 'Male', '1980-08-26'),
  (114, 'Ben', 'Foster', 'Male', '1980-10-29'),
  (115, 'Taraji', 'Henson', 'Female', '1970-09-11'),
  (116, 'Octavia', 'Spencer', 'Female', '1970-05-25'),
  (117, 'Janelle', 'Monáe', 'Female', '1985-12-01'),
  (118, 'Dev', 'Patel', 'Male', '1990-04-23'),
  (119, 'Rooney', 'Mara', 'Female', '1985-04-17'),
  (120, 'Michael', 'Shannon', 'Male', '1974-08-07'),
  (121, 'Armie', 'Hammer', 'Male', '1986-08-28'),
  (122, 'Lily', 'James', 'Female', '1989-04-05'),
  (123, 'Kristin', 'Scott Thomas', 'Female', '1960-05-24'),
  (124, 'Fionn', 'Whitehead', 'Male', '1997-07-18'),
  (125, 'Barry', 'Keoghan', 'Male', '1992-10-17'),
  (126, 'Sarah', 'Paulson', 'Female', '1974-12-17'),
  (127, 'Samuel L.', 'Jackson', 'Male', '1948-12-21'),
  (128, 'Kurt', 'Russell', 'Male', '1951-03-17'),
  (129, 'Jennifer', 'Jason Leigh', 'Female', '1962-02-05'),
  (130, 'Neel', 'Sethi', 'Male', '2003-12-22'),
  (131, 'Bill', 'Murray', 'Male', '1950-09-21'),
  (132, 'Ben', 'Kingsley', 'Male', '1943-12-31'),
  (133, 'Josh', 'Brolin', 'Male', '1968-02-12'),
  (134, 'Benicio', 'Del Toro', 'Male', '1967-02-19'),
  (135, 'Tessa', 'Thompson', 'Female', '1983-10-03'),
  (136, 'Sylvester', 'Stallone', 'Male', '1946-07-06'),
  (137, 'Alicia', 'Vikander', 'Female', '1988-10-03'),
  (138, 'Oscar', 'Isaac', 'Male', '1979-03-09'),
  (139, 'Channing', 'Tatum', 'Male', '1980-04-26'),
  (140, 'Alec', 'Baldwin', 'Male', '1958-04-03'),
  (141, 'Fabrizio', 'Rongione', 'Male', '1973-12-03'),
  (142, 'Catherine', 'Salee', 'Female', '1974-12-30'),
  (143, 'Neil Patrick', 'Harris', 'Male', '1973-06-15'),
  (144, 'Ben', 'Affleck', 'Male', '1972-08-15'),
  (145, 'Gaby', 'Hoffmann', 'Female', '1982-01-08'),
  (146, 'Bryan', 'Cranston', 'Male', '1956-03-07'),
  (147, 'Diane', 'Lane', 'Female', '1965-01-22'),
  (148, 'Helen', 'Mirren', 'Female', '1945-07-26'),
  (149, 'Kate', 'Winslet', 'Female', '1975-10-05'),
  (150, 'Seth', 'Rogen', 'Male', '1982-04-15'),
  (151, 'Amber', 'Heard', 'Female', '1986-04-22'),
  (152, 'Cate', 'Blanchett', 'Female', '1969-05-14'),
  (153, 'Jennifer', 'Lawrence', 'Female', '1990-08-15'),
  (154, 'Robert', 'De Niro', 'Male', '1943-08-17'),
  (155, 'Charlotte', 'Rampling', 'Female', '1946-02-05'),
  (156, 'Tom', 'Courtenay', 'Male', '1937-02-25'),
  (157, 'Geraldine', 'James', 'Female', '1950-07-06'),
  (158, 'Kyle', 'Chandler', 'Male', '1965-09-17'),
  (159, 'Lucas', 'Hedges', 'Male', '1996-12-12'),
  (160, 'Isabelle', 'Huppert', 'Female', '1953-03-16'),
  (161, 'Laurent', 'Lafitte', 'Male', '1973-08-22'),
  (162, 'Anne', 'Consigny', 'Female', '1963-05-25'),
  (163, 'Ruth', 'Negga', 'Female', '1982-01-07'),
  (164, 'Joel', 'Edgerton', 'Male', '1974-06-23'),
  (165, 'Will', 'Dalton', 'Male', '1987-04-28'),
  (166, 'Natalie', 'Portman', 'Female', '1981-06-09'),
  (167, 'Peter', 'Sarsgaard', 'Male', '1971-03-07'),
  (168, 'Greta', 'Gerwig', 'Female', '1983-08-04'),
  (169, 'Hugh', 'Grant', 'Male', '1960-09-09'),
  (170, 'Simon', 'Helberg', 'Male', '1980-12-09'),
  (171, 'George', 'MacKay', 'Male', '1992-03-13'),
  (172, 'Samantha', 'Isler', 'Female', '1998-01-26'),
  (173, 'Brooklynn', 'Prince', 'Female', '2010-03-27');









#directors 


INSERT INTO Directors
VALUES
    (1, 'Alfonso', 'Cuarón', 'Male', '1961-11-28'),
    (2, 'Spike', 'Lee', 'Male', '1957-03-20'),
    (3, 'Adam', 'McKay', 'Male', '1968-04-17'),
    (4, 'Yorgos', 'Lanthimos', 'Male', '1973-05-27'),
    (5, 'Paweł', 'Pawlikowski', 'Male', '1957-09-15'),
    (6, 'Greta', 'Gerwig', 'Female', '1983-08-04'),
    (7, 'Guillermo', 'del Toro', 'Male', '1964-10-09'),
    (8, 'Jordan', 'Peele', 'Male', '1979-02-21'),
    (9, 'Paul', 'Thomas Anderson', 'Male', '1970-06-26'),
    (10, 'Christopher', 'Nolan', 'Male', '1970-07-30'),
    (11, 'Barry', 'Jenkins', 'Male', '1979-11-19'),
    (12, 'Damien', 'Chazelle', 'Male', '1985-01-19'),
    (13, 'Denis', 'Villeneuve', 'Male', '1967-10-03'),
    (14, 'Kenneth', 'Lonergan', 'Male', '1962-10-16'),
    (15, 'Mel', 'Gibson', 'Male', '1956-01-03'),
    (16, 'Alejandro G.', 'Iñárritu', 'Male', '1963-08-15'),
    (17, 'George', 'Miller', 'Male', '1945-03-03'),
    (18, 'Lenny', 'Abrahamson', 'Male', '1966-11-30'),
    (19, 'Tom', 'McCarthy', 'Male', '1966-06-07'),
    (20, 'Steven', 'Spielberg', 'Male', '1946-12-18'),
    (21, 'Quentin', 'Tarantino', 'Male', '1963-03-27'),
    (22, 'Martin', 'Scorsese', 'Male', '1942-11-17'),
    (23, 'David', 'Fincher', 'Male', '1962-08-28'),
    (24, 'Wes', 'Anderson', 'Male', '1969-05-01'),
    (25, 'David O.', 'Russell', 'Male', '1958-08-20'),
    (26, 'Darren', 'Aronofsky', 'Male', '1969-02-12'),
    (27, 'Ridley', 'Scott', 'Male', '1937-11-30'),
    (28, 'Joel', 'Coen', 'Male', '1954-11-29'),
    (29, 'Ethan', 'Coen', 'Male', '1957-09-21'),
    (30, 'James', 'Cameron', 'Male', '1954-08-16'),
    (31, 'Ang', 'Lee', 'Male', '1954-10-23'),
    (32, 'Gus', 'Van Sant', 'Male', '1952-07-24'),
    (33, 'Peter', 'Jackson', 'Male', '1961-10-31'),
    (34, 'Baz', 'Luhrmann', 'Male', '1962-09-17'),
    (35, 'Tim', 'Burton', 'Male', '1958-08-25'),
    (36, 'Clint', 'Eastwood', 'Male', '1930-05-31'),
    (37, 'Ron', 'Howard', 'Male', '1954-03-01'),
    (38, 'Alfred', 'Hitchcock', 'Male', '1899-08-13'),
    (39, 'Francis Ford', 'Coppola', 'Male', '1939-04-07'),
    (40, 'Stanley', 'Kubrick', 'Male', '1928-07-26'),
    (41, 'John', 'Ford', 'Male', '1894-02-01'),
    (42, 'Richard', 'Linklater', 'Male', '1960-07-30'),
    (43, 'Morten', 'Tyldum', 'Male', '1967-05-19'),
    (44, 'Ava', 'DuVernay', 'Female', '1972-08-24'),
    (45, 'James', 'Marsh', 'Male', '1963-04-30'),
    (46, 'John', 'Crowley', 'Male', '1969-08-19'),
    (47, 'Denzel', 'Washington', 'Male', '1954-12-28'),
    (48, 'David', 'Mackenzie', 'Male', '1966-05-10'),
    (49, 'Theodore', 'Melfi', 'Male', '1970-10-15'),
    (50, 'Garth', 'Davis', 'Male', '1974-07-26'),
    (51, 'Luca', 'Guadagnino', 'Male', '1971-08-10'),
    (52, 'Joe', 'Wright', 'Male', '1972-08-25'),
    (53, 'Martin', 'McDonagh', 'Male', '1970-03-26'),
    (54, 'F. Gary', 'Gray', 'Male', '1969-07-17'),
    (55, 'Ryan', 'Coogler', 'Male', '1986-05-23'),
    (56, 'Alex', 'Garland', 'Male', '1970-05-26'),
    (57, 'Jon', 'Favreau', 'Male', '1966-10-19'),
    (58, 'Bennett', 'Miller', 'Male', '1966-12-30'),
    (59, 'Richard', 'Glatzer', 'Male', '1952-01-28'),
    (60, 'Jean-Pierre', 'Dardenne', 'Male', '1951-04-21'),
    (61, 'Jean-Marc', 'Vallee', 'Male', '1963-03-09'),
    (62, 'Rob', 'Marshall', 'Male', '1960-10-17'),
    (63, 'Jay', 'Roach', 'Male', '1957-06-14'),
    (64, 'Danny', 'Boyle', 'Male', '1956-10-20'),
    (65, 'Tom', 'Hooper', 'Male', '1972-10-05'),
    (66, 'Todd', 'Haynes', 'Male', '1961-01-02'),
    (67, 'Andrew', 'Haigh', 'Male', '1973-03-07'),
    (68, 'Tom', 'Ford', 'Male', '1961-08-27'),
    (69, 'Paul', 'Verhoeven', 'Male', '1938-07-18'),
    (70, 'Jeff', 'Nichols', 'Male', '1978-12-07'),
    (71, 'Pablo', 'Larraín', 'Male', '1976-08-19'),
    (72, 'Stephen', 'Frears', 'Male', '1941-06-20'),
    (73, 'Matt', 'Ross', 'Male', '1970-01-03'),
    (74, 'Sean', 'Baker', 'Male', '1971-02-26'),
    (75, 'Craig', 'Gillespie', 'Male', '1967-09-01');


#movies 


INSERT INTO Movies
VALUES
    (1, 'Birdman or (The Unexpected Virtue of Ignorance)', 2014, 'Comedy', 16),
    (2, 'American Sniper', 2014, 'Action', 36),
    (3, 'Boyhood', 2014, 'Drama', 42),
    (4, 'The Grand Budapest Hotel', 2014, 'Comedy', 24),
    (5, 'The Imitation Game', 2014, 'Biography', 43),
    (6, 'Selma', 2014, 'Biography', 44),
    (7, 'The Theory of Everything', 2014, 'Biography', 45),
    (8, 'Whiplash', 2014, 'Drama', 12),
    (9, 'Spotlight', 2015, 'Drama', 19),
    (10, 'The Big Short', 2015, 'Biography', 3),
    (11, 'Bridge of Spies', 2015, 'Drama', 20),
    (12, 'Brooklyn', 2015, 'Drama', 46),
    (13, 'Mad Max: Fury Road', 2015, 'Action', 17),
    (14, 'The Martian', 2015, 'Adventure', 27),
    (15, 'The Revenant', 2015, 'Adventure', 16),
    (16, 'Room', 2015, 'Drama', 18),
    (17, 'Moonlight', 2016, 'Drama', 11),
    (18, 'Arrival', 2016, 'Sci-Fi', 13),
    (19, 'Fences', 2016, 'Drama', 30),
    (20, 'Hacksaw Ridge', 2016, 'Biography', 15),
    (21, 'Hell or High Water', 2016, 'Crime', 48),
    (22, 'Hidden Figures', 2016, 'Biography', 49),
    (23, 'La La Land', 2016, 'Comedy', 12),
    (24, 'Lion', 2016, 'Biography', 33),
    (25, 'Manchester by the Sea', 2016, 'Drama', 14),
    (26, 'The Shape of Water', 2017, 'Adventure', 7),
    (27, 'Call Me by Your Name', 2017, 'Drama', 51),
    (28, 'Darkest Hour', 2017, 'Biography', 52),
    (29, 'Dunkirk', 2017, 'Action', 10),
    (30, 'Get Out', 2017, 'Horror', 8),
    (31, 'Lady Bird', 2017, 'Comedy', 6),
    (32, 'Phantom Thread', 2017, 'Drama', 9),
    (33, 'The Post', 2017, 'Biography', 20),
    (34, 'Three Billboards Outside Ebbing, Missouri', 2017, 'Crime', 53),
    (35, 'The Hateful Eight', 2015, 'Crime', 21),
    (36, 'The Jungle Book', 2016, 'Adventure', 57),
    (37, 'Sicario', 2015, 'Action', 13),
    (38, 'Creed', 2015, 'Drama', 55),
    (39, 'Ex Machina', 2015, 'Sci-Fi', 56),
    (40, 'Foxcatcher', 2014, 'Biography', 58),
    (41, 'Still Alice', 2014, 'Drama', 59),
    (42, 'Two Days, One Night', 2014, 'Drama', 60),
    (43, 'Gone Girl', 2014, 'Drama', 23),
    (44, 'Wild', 2014, 'Biography', 61),
    (45, 'Into the Woods', 2014, 'Musical', 62),
    (46, 'Trumbo', 2015, 'Biography', 63),
    (47, 'Steve Jobs', 2015, 'Biography', 64),
    (48, 'The Danish Girl', 2015, 'Biography', 65),
    (49, 'Carol', 2015, 'Romance',  66),
    (50, 'Joy', 2015, 'Biography', 25),
    (51, '45 Years', 2015, 'Drama', 67),
    (52, 'Nocturnal Animals', 2016, 'Drama', 68),
    (53, 'Elle', 2016, 'Crime', 69),
    (54, 'Loving', 2016, 'Drama', 70),
    (55, 'Jackie', 2016, 'Biography', 71),
    (56, 'Florence Foster Jenkins', 2016, 'Biography', 72),
    (57, 'Captain Fantastic', 2016, 'Comedy', 73),
    (58, 'The Florida Project', 2017, 'Drama', 74),
    (59, 'I, Tonya', 2017, 'Biography', 75);



#Acts
insert into Acts (movieID, actorID, role)
values
    (1, 52, 'Leader Actor'),
    (1, 66, 'Supporting Actress'),
    (1, 56, 'Supporting Actor'),
    (2, 50, 'Leader Actor'),
    (2, 86, 'Leader Actress'),
    (3, 87, 'Leader Actor'),
    (3, 63, 'Leader Actress'),
    (3, 55, 'Supporting Actor'),
    (4, 88, 'Leader Actor'),
    (4, 89, 'Supporting Actor'),
    (4, 90, 'Supporting Actor'),
    (5, 51, 'Leader Actor'),
    (5, 91, 'Supporting Actor'),
    (5, 65, 'Supporting Actress'),
    (6, 92, 'Leader Actor'),
    (6, 93, 'Supporting Actress'),  
    (6, 16, 'Supporting Actress'),
    (7, 48, 'Leader Actor'),
    (7, 60, 'Leader Actress'),
    (7, 95, 'Supporting Actor'),
    (8, 96, 'Leader Actor'),
    (8, 53, 'Supporting Actor'),
    (8, 33, 'Supporting Actress'),
    (9, 52, 'Leader Actor'),
    (9, 97, 'Supporting Actress'),
    (9, 57, 'Supporting Actor'),
    (10, 49, 'Leader Actor'),
    (10, 70, 'Leader Actor'),
    (10, 98, 'Leader Actor'),
    (10, 22, 'Supporting Actor'),
    (11, 99, 'Leader Actor'),
    (11, 100, 'Supporting Actor'),
    (12, 102, 'Leader Actress'),
    (12, 103, 'Supporting Actor'),
    (12, 104, 'Supporting Actor'),
    (13, 3, 'Leader Actor'),
    (13, 105, 'Leader Actress'),
    (13, 106, 'Supporting Actor'),
    (14, 68, 'Leader Actor'),
    (14, 4, 'Supporting Actress'),
    (15, 67, 'Leader Actor'),
    (15, 3, 'Supporting Actor'),
    (15, 107, 'Supporting Actor'),
    (16, 19, 'Leader Actress'),
    (16, 109, 'Supporting Actor'),
    (16, 108, 'Supporting Actor'),
    (17, 21, 'Leader Actor'),
    (17, 110, 'Supporting Actress'),
    (18, 17, 'Leader Actress'),
    (18, 111, 'Supporting Actor'),
    (19, 85, 'Leader Actor'),
    (19, 71, 'Supporting Actress'),
    (20, 69, 'Leader Actor'),
    (21, 113, 'Leader Actor'),
    (21, 112, 'Supporting Actor'),
    (21, 114, 'Supporting Actor'),
    (22, 115, 'Leader Actress'),
    (22, 116, 'Supporting Actress'),
    (22, 117, 'Supporting Actress'),
    (23, 70, 'Leader Actor'),
    (23, 66, 'Leader Actress'),
    (24, 119, 'Leader Actress'),
    (24, 72, 'Supporting Actress'),
    (24, 118, 'Supporting Actor'),
    (25, 47, 'Leader Actor'),
    (25, 73, 'Supporting Actress'),
    (25, 158, 'Supporting Actor'),
    (25, 159, 'Supporting Actor'),
    (26, 79, 'Leader Actress'),
    (26, 116, 'Supporting Actress'),
    (26, 120, 'Supporting Actor'),
    (26, 38, 'Supporting Actor'),
    (27, 75, 'Leader Actor'),
    (27, 121, 'Supporting Actor'),
    (28, 74, 'Leader Actor'),
    (28, 122, 'Supporting Actress'),
    (28, 123, 'Supporting Actress'),
    (29, 124, 'Leader Actor'),
    (29, 125, 'Supporting Actor'),
    (29, 100, 'Supporting Actor'),
    (30, 77, 'Leader Actor'),
    (30, 76, 'Supporting Actor'),
    (30, 81, 'Supporting Actress'),
    (31, 102, 'Leader Actress'),
    (31, 44, 'Supporting Actress'),
    (32, 36, 'Leader Actor'),
    (32, 42, 'Supporting Actress'),
    (32, 83, 'Supporting Actress'),
    (33, 99, 'Leader Actor'),
    (33, 46, 'Leader Actress'),
    (33, 126, 'Supporting Actress'),
    (34, 78, 'Leader Actress'),
    (34, 37, 'Supporting Actor'),
    (34, 28, 'Supporting Actor'),
    (35, 127, 'Leader Actor'),
    (35, 128, 'Supporting Actor'),
    (35, 129, 'Supporting Actress'),
    (36, 130, 'Leader Actor'),
    (36, 131, 'Supporting Actor'),
    (36, 132, 'Supporting Actor'),
    (37, 10, 'Leader Actress'),
    (37, 133, 'Supporting Actor'),
    (37, 134, 'Supporting Actor'),
    (38, 11, 'Leader Actor'),
    (38, 136, 'Supporting Actor'),
    (38, 135, 'Supporting Actress'),
    (39, 137, 'Leader Actress'),
    (39, 84, 'Supporting Actor'),
    (39, 104, 'Supporting Actor'),
    (40, 49, 'Leader Actor'),
    (40, 139, 'Supporting Actor'),
    (40, 57, 'Supporting Actor'),
    (41, 58, 'Leader Actress'),
    (41, 140, 'Supporting Actor'),
    (41, 6, 'Supporting Actress'),
    (42, 59, 'Leader Actress'),
    (42, 141, 'Supporting Actor'),
    (42, 142, 'Supporting Actress'),
    (43, 60, 'Leader Actress'),
    (43, 144, 'Leader Actor'),
    (43, 143, 'Supporting Actor'),
    (44, 62, 'Leader Actress'),
    (44, 64, 'Supporting Actress'),
    (44, 145, 'Supporting Actress'),
    (45, 8, 'Leader Actress'),
    (45, 46, 'Supporting Actress'),
    (45, 113, 'Supporting Actor'),
    (46, 146, 'Leader Actor'),
    (46, 147, 'Supporting Actress'),
    (46, 148, 'Supporting Actress'),
    (47, 20, 'Leader Actor'),
    (47, 149, 'Supporting Actress'),
    (47, 150, 'Supporting Actor'),
    (48, 48, 'Leader Actor'),
    (48, 137, 'Supporting Actress'),
    (48, 151, 'Supporting Actress'),
    (49, 152, 'Leader Actress'),
    (49, 119, 'Supporting Actress'),
    (49, 126, 'Supporting Actress'),
    (50, 153, 'Leader Actress'),
    (50, 154, 'Supporting Actor'),
    (50, 50, 'Supporting Actor'),
    (51, 155, 'Leader Actress'),
    (51, 156, 'Supporting Actor'),
    (51, 157, 'Supporting Actress'),
    (52, 17, 'Leader Actress'),
    (52, 120, 'Supporting Actor'),
    (52, 16, 'Supporting Actor'),
    (53, 160, 'Leader Actress'),  
    (53, 162, 'Supporting Actress'),
    (53, 161, 'Supporting Actor'),
    (54, 163, 'Leader Actress'),  
    (54, 164, 'Supporting Actor'),
    (54, 165, 'Supporting Actor'),
    (55, 166, 'Leader Actress'),  
    (55, 167, 'Supporting Actor'),
    (55, 168, 'Supporting Actress'),
    (56, 46, 'Leader Actress'),  
    (56, 169, 'Supporting Actor'),
    (56, 170, 'Supporting Actor'),
    (57, 27, 'Leader Actor'),  
    (57, 171, 'Supporting Actor'),
    (57, 172, 'Supporting Actress'),
    (58, 173, 'Leader Actress'),  
    (58, 23, 'Supporting Actor'),
    (58, 172, 'Supporting Actress'),
    (59, 80, 'Leader Actress'),  
    (59, 23, 'Supporting Actor'),
    (59, 43, 'Supporting Actress');



/* Actor in a Leading Role */
INSERT INTO Actor_Nominated  
VALUES
    (87, 48, 3, 'The Theory of Everything', 1),
    (87, 49, 3, 'Foxcatcher', 0),
    (87, 50, 3, 'American Sniper', 0),
    (87, 51, 3, 'The Imitation Game', 0),
    (87, 52, 3, 'Birdman or (The Unexpected Virtue of Ignorance)', 0);

/* Actor in a Supporting Role*/
INSERT INTO Actor_Nominated  
VALUES
    (87, 53, 5, 'Whiplash', 1),
    (87, 54, 5, 'The Judge', 0),
    (87, 55, 5, 'Boyhood', 0),
    (87, 56, 5, 'Birdman or (The Unexpected Virtue of Ignorance)', 0),
    (87, 57, 5, 'Foxcatcher', 0);

/* Actress in a Leading Role*/
INSERT INTO Actor_Nominated  
VALUES
    (87, 58, 4, 'Still Alice', 1),
    (87, 59, 4, 'Two Days, One Night', 0),
    (87, 60, 4, 'The Theory of Everything', 0),
    (87, 61, 4, 'Gone Girl', 0),
    (87, 62, 4, 'Wild', 0);

/* Actress in a Supporting Role*/
INSERT INTO Actor_Nominated  
VALUES
    (87, 63, 6, 'Boyhood', 1),
    (87, 64, 6, 'Wild', 0),
    (87, 65, 6, 'The Imitation Game', 0),
    (87, 66, 6, 'Birdman or (The Unexpected Virtue of Ignorance)', 0),
    (87, 46, 6, 'Into the Woods', 0);

/* Actor in a Leading Role*/
INSERT INTO Actor_Nominated  
VALUES
    (88, 67, 3, 'The Revenant', 1),
    (88, 146, 3, 'Trumbo', 0),
    (88, 68, 3, 'The Martian', 0),
    (88, 20, 3, 'Steve Jobs', 0),
    (88, 48, 3, 'The Danish Girl', 0);

/* Actor in a Supporting Role*/
INSERT INTO Actor_Nominated
VALUES
    (88, 100, 5, 'Bridge of Spies', 1),
    (88, 22, 5, 'The Big Short', 0),
    (88, 3, 5, 'The Revenant', 0),
    (88, 57, 5, 'Spotlight', 0),
    (88, 136, 5, 'Creed', 0);

/* Actress in a Leading Role*/
INSERT INTO Actor_Nominated  
VALUES
    (88, 19, 4, 'Room', 1),
    (88, 152, 4, 'Carol', 0),
    (88, 153, 4, 'Joy', 0),
    (88, 155, 4, '45 Years', 0),
    (88, 102, 4, 'Brooklyn', 0);

/* Actress in a Supporting Role*/
INSERT INTO Actor_Nominated  
VALUES
    (88, 137, 6, 'The Danish Girl', 1),
    (88, 129, 6, 'The Hateful Eight', 0),
    (88, 119, 6, 'Carol', 0),
    (88, 97, 6, 'Spotlight', 0),
    (88, 149, 6, 'Steve Jobs', 0);

/* Actor in a Leading Role*/
INSERT INTO Actor_Nominated  
VALUES
    (89, 47, 3, 'Manchester by the Sea', 1),
    (89, 69, 3, 'Hacksaw Ridge', 0),
    (89, 70, 3, 'La La Land', 0),
    (89, 27, 3, 'Captain Fantastic', 0),
    (89, 85, 3, 'Fences', 0);

/* Actor in a Supporting Role*/
INSERT INTO Actor_Nominated  
VALUES
    (89, 21, 5, 'Moonlight', 1),
    (89, 112, 5, 'Hell or High Water', 0),
    (89, 159, 5, 'Manchester by the Sea', 0),
    (89, 118, 5, 'Lion', 0),
    (89, 120, 5, 'Nocturnal Animals', 0);

/* Actress in a Leading Role*/
INSERT INTO Actor_Nominated  
VALUES
    (89, 66, 4, 'La La Land', 1),
    (89, 160, 4, 'Elle', 0),
    (89, 163, 4, 'Loving', 0),
    (89, 166, 4, 'Jackie', 0),
    (89, 46, 4, 'Florence Foster Jenkins', 0);

/* Actress in a Supporting Role*/
INSERT INTO Actor_Nominated  
VALUES
    (89, 71, 6, 'Fences', 1),
    (89, 110, 6, 'Moonlight', 0),
    (89, 72, 6, 'Lion', 0),
    (89, 116, 6, 'Hidden Figures', 0),
    (89, 73, 6, 'Manchester by the Sea', 0);

/* Actor in a Leading Role*/
INSERT INTO Actor_Nominated
VALUES
    (90, 74, 3, 'Darkest Hour', 1),
    (90, 75, 3, 'Call Me by Your Name', 0),
    (90, 36, 3, 'Phantom Thread', 0),
    (90, 77, 3, 'Get Out', 0);

/* Actor in a Supporting Role*/
INSERT INTO Actor_Nominated  
VALUES
    (90, 28, 5, 'Three Billboards outside Ebbing, Missouri', 1),
    (90, 23, 5, 'The Florida Project', 0),
    (90, 37, 5, 'Three Billboards outside Ebbing, Missouri', 0),
    (90, 38, 5, 'The Shape of Water', 0);

/* Actress in a Leading Role*/
INSERT INTO Actor_Nominated  
VALUES
    (90, 78, 4, 'Three Billboards outside Ebbing, Missouri', 1),
    (90, 79, 4, 'The Shape of Water', 0),
    (90, 80, 4, 'I, Tonya', 0),
    (90, 102, 4, 'Lady Bird', 0),
    (90, 46, 4, 'The Post', 0);

/* Actress in a Supporting Role*/
INSERT INTO Actor_Nominated
VALUES
    (90, 42, 6, 'I, Tonya', 1),
    (90, 43, 6, 'Phantom Thread', 0),
    (90, 44, 6, 'Lady Bird', 0),
    (90, 116, 6, 'The Shape of Water', 0);


/* 2015 Directors Nominees*/
INSERT INTO Director_Nominated
VALUES
    (87, 16, 2, 'Birdman or (The Unexpected Virtue of Ignorance)', 1),
    (87, 42, 2, 'Boyhood', 0),
    (87, 58, 2, 'Foxcatcher', 0),
    (87, 24, 2, 'The Grand Budapest Hotel', 0),
    (87, 43, 2, 'The Imitation Game', 0);

/* 2016 Directors Nominees*/
INSERT INTO Director_Nominated
VALUES
    (88, 16, 2, 'The Revenant', 1),
    (88, 3, 2, 'The Big Short', 0),
    (88, 17, 2, 'Mad Max: Fury Road', 0),
    (88, 18, 2, 'Room', 0),
    (88, 19, 2, 'Spotlight', 0);

/* 2017 Directors Nominees*/
INSERT INTO Director_Nominated
VALUES
    (89, 12, 2, 'La La Land', 1),
    (89, 13, 2, 'Arrival', 0),
    (89, 15, 2, 'Hacksaw Ridge', 0),
    (89, 14, 2, 'Manchester by the Sea', 0),
    (89, 11, 2, 'Moonlight', 0);

/* 2018 Directors Nominees*/
INSERT INTO Director_Nominated
VALUES
    (90, 7, 2, 'The Shape of Water', 1),
    (90, 10, 2, 'Dunkirk', 0),
    (90, 8, 2, 'Get Out', 0),
    (90, 6, 2, 'Lady Bird', 0),
    (90, 9, 2, 'Phantom Thread', 0);









/* 2015 movie nominations*/
INSERT INTO Movie_Nominated (movieID, categoryID, movieName, won)
VALUES
    (1, 1, 'Birdman or (The Unexpected Virtue of Ignorance)', 1),
    (2, 1, 'American Sniper', 0),
    (3, 1, 'Boyhood', 0),
    (4, 1, 'The Grand Budapest Hotel', 0),
    (5, 1, 'The Imitation Game', 0),
    (6, 1, 'Selma', 0),
    (7, 1, 'The Theory of Everything', 0),
    (8, 1, 'Whiplash', 0);

/* 2016 nominations*/
INSERT INTO Movie_Nominated (movieID, categoryID, movieName, won)
VALUES
    (9, 1, 'Spotlight', 1),
    (10, 1, 'The Big Short', 0),
    (11, 1, 'Bridge of Spies', 0),
    (12, 1, 'Brooklyn', 0),
    (13, 1, 'Mad Max: Fury Road', 0),
    (14, 1, 'The Martian', 0),
    (15, 1, 'The Revenant', 0),
    (16, 1, 'Room', 0);

/* 2017 nominations*/
INSERT INTO Movie_Nominated (movieID, categoryID, movieName, won)
VALUES
    (17, 1, 'Moonlight', 1),
    (18, 1, 'Arrival', 0),
    (19, 1, 'Fences', 0),
    (20, 1, 'Hacksaw Ridge', 0),
    (21, 1, 'Hell or High Water', 0),
    (22, 1, 'Hidden Figures', 0),
    (23, 1, 'La La Land', 0),
    (24, 1, 'Lion', 0),
    (25, 1, 'Manchester by the Sea', 0);

/* 2018 nominations*/
INSERT INTO Movie_Nominated (movieID, categoryID, movieName, won)
VALUES
    (26, 1, 'The Shape of Water', 1),
    (27, 1, 'Call Me by Your Name', 0),
    (28, 1, 'Darkest Hour', 0),
    (29, 1, 'Dunkirk', 0),
    (30, 1, 'Get Out', 0),
    (31, 1, 'Lady Bird', 0),
    (32, 1, 'Phantom Thread', 0),
    (33, 1, 'The Post', 0),
    (34, 1, 'Three Billboards outside Ebbing, Missouri', 0);
